variant,period,horizon_days,signal_count,trade_count,matured_trade_count,win_rate_pct,avg_return_pct,median_return_pct,profit_loss_ratio,worst_mae_pct,cumulative_cohort_return_pct,max_equal_weight_drawdown_pct
A_recovered_proxy_vr1.5,2023,3,216,214,214,43.925233644859816,-0.4333938224593855,-0.6135350745731405,0.9835488364886728,-24.819686041578283,-46.670090618232585,-49.38583326916623
A_recovered_proxy_vr1.5,2023,5,216,214,214,38.31775700934579,-1.0954681517042026,-1.5954309722953308,0.9913501728705069,-27.70470937632584,-73.27079373464306,-73.67939306608801
A_recovered_proxy_vr1.5,2023,8,216,214,214,36.44859813084112,-1.5932170652036137,-2.4976620286505042,0.9384713496375171,-33.92023759015699,-81.67160304306708,-83.3002849504775
A_recovered_proxy_vr1.5,2024,3,340,331,331,46.82779456193353,-0.1280501634393337,-0.5548705302096169,1.0553819345750937,-17.650214592274683,-24.950436943371823,-53.5320182179281
A_recovered_proxy_vr1.5,2024,5,340,331,327,41.896024464831804,-0.49173342163400474,-0.8005822416302766,1.1237333652719466,-22.088920254057875,-51.835827410371735,-74.48801062435781
A_recovered_proxy_vr1.5,2024,8,340,331,318,37.10691823899371,-0.3605653752897713,-2.192383495454253,1.4986960819513495,-27.311220889202534,-40.73335594017752,-81.19369388141979
A_recovered_proxy_vr1.5,2025,3,479,465,461,47.071583514099785,-0.08070953415636029,-0.2802428771601972,1.056783144422818,-22.915717539863312,-11.842234291318398,-49.07758139617041
A_recovered_proxy_vr1.5,2025,5,479,465,457,47.04595185995623,0.38060263467246813,-0.2928257686676483,1.301688913843465,-30.615034168564915,75.61783018840755,-65.43165392770712
A_recovered_proxy_vr1.5,2025,8,479,465,452,46.017699115044245,0.5439821608509571,-0.37465725453591503,1.360955595256456,-32.38434163701067,113.73377582151068,-76.1946722034654
A_recovered_proxy_vr1.5,2026,3,215,211,207,42.028985507246375,-0.6160588665600181,-0.7462686567163979,1.0048907694543736,-18.68446139180172,-37.49908065307851,-50.280698737683124
A_recovered_proxy_vr1.5,2026,5,215,211,201,39.30348258706468,-0.7830592471901469,-1.9002375296912175,1.1434061312365038,-20.110573600552872,-47.88561249986367,-64.95427564422974
A_recovered_proxy_vr1.5,2026,8,215,211,195,38.97435897435898,-0.1947701010161505,-2.187902187902191,1.4756499203620224,-26.73378076062639,-34.07656148060959,-69.78204272361668
A_recovered_proxy_vr1.5,all,3,1250,1221,1213,45.589447650453415,-0.2472070591333337,-0.4879000780640075,1.0333286814246345,-24.819686041578283,-77.9470854751788,-81.76788219663469
A_recovered_proxy_vr1.5,all,5,1250,1221,1199,42.78565471226022,-0.3158352943944291,-0.8163265306122436,1.165790747287675,-30.615034168564915,-88.21752813919032,-94.75146131958118
A_recovered_proxy_vr1.5,all,8,1250,1221,1179,40.71246819338422,-0.21010048709858972,-1.4768624876928094,1.3421330860042255,-33.92023759015699,-84.69448919301425,-97.14556451512514
B_pure_quant_vr1.5,2023,3,204,202,202,46.03960396039604,-0.42409894146582733,-0.3841806418697413,0.9083244127036946,-24.819686041578283,-36.698185221564664,-40.29544944550846
B_pure_quant_vr1.5,2023,5,204,202,202,40.099009900990104,-1.1427079943717438,-1.5954309722953308,0.9019760085274707,-27.70470937632584,-69.56007559429193,-71.26611652472694
B_pure_quant_vr1.5,2023,8,204,202,202,37.62376237623762,-1.5747121575786354,-2.4062953101869677,0.8954903545592354,-33.92023759015699,-75.97246519727642,-79.435199310073
B_pure_quant_vr1.5,2024,3,332,323,323,45.82043343653251,-0.21260748422606066,-0.6629834254143652,1.0434865529971769,-17.650214592274683,-22.211480755131607,-53.87252364081381
B_pure_quant_vr1.5,2024,5,332,323,319,41.692789968652036,-0.4966607890417672,-0.8328375966686341,1.1335002862534984,-22.088920254057875,-43.32185540020106,-71.76428055871747
B_pure_quant_vr1.5,2024,8,332,323,310,37.74193548387097,-0.5724707672474475,-2.0592429848905303,1.364935546216249,-27.311220889202534,-51.44482761010032,-82.16151259597318
B_pure_quant_vr1.5,2025,3,463,451,447,45.86129753914989,-0.13827391053088076,-0.4587155963302836,1.069424469695576,-22.915717539863312,-24.47691314900241,-47.79734944050462
B_pure_quant_vr1.5,2025,5,463,451,444,45.4954954954955,-0.09218563463145309,-0.5998330765279947,1.1424650001830228,-30.615034168564915,-24.115223569581744,-70.18693127155903
B_pure_quant_vr1.5,2025,8,463,451,439,44.874715261959,0.0557075796510764,-0.5599104143336975,1.224965989312291,-30.615034168564915,-24.44149518871388,-78.98890163708867
B_pure_quant_vr1.5,2026,3,209,204,200,43.5,-0.4797144612654517,-0.7035167590393243,1.011901405319519,-18.68446139180172,-38.768756623529754,-48.200660970684496
B_pure_quant_vr1.5,2026,5,209,204,194,40.20618556701031,-0.6056495812085196,-1.4018589584069985,1.168953148370413,-20.110573600552872,-47.04093005312991,-64.76833049473227
B_pure_quant_vr1.5,2026,8,209,204,190,37.368421052631575,-0.48424407196634545,-2.1708741708741703,1.460336642500869,-26.73378076062639,-55.04181052708805,-72.49731577627315
B_pure_quant_vr1.5,all,3,1208,1180,1172,45.477815699658706,-0.26628970464292556,-0.5365818548241919,1.0226654874681356,-24.819686041578283,-77.22887557848975,-78.95947457121714
B_pure_quant_vr1.5,all,5,1208,1180,1159,42.62295081967213,-0.4725524133720742,-0.9297520661156966,1.0992031588706777,-30.615034168564915,-93.06647313018718,-94.24676380726503
B_pure_quant_vr1.5,all,8,1208,1180,1141,40.40315512708151,-0.49352194556036477,-1.5566835871404394,1.2411572388469414,-33.92023759015699,-96.03688309047584,-97.35800696108451
A_recovered_proxy_vr1.2,2023,3,225,221,221,47.511312217194565,-0.3089311468534289,-0.2298850574712574,0.9052056371132083,-24.819686041578283,-33.04291154601111,-37.881309359529766
A_recovered_proxy_vr1.2,2023,5,225,221,221,39.81900452488688,-0.8026001844053058,-1.1789851075565183,1.057939653238639,-27.70470937632584,-55.77714019858866,-57.578294697262386
A_recovered_proxy_vr1.2,2023,8,225,221,221,40.27149321266968,-0.7089339130724525,-2.153954802259883,1.133318100951438,-33.92023759015699,-48.475624219491046,-62.4209795162399
A_recovered_proxy_vr1.2,2024,3,360,350,349,46.41833810888252,-0.29397076147256324,-0.4013377926421313,0.9829779296394338,-17.650214592274683,-27.345109073868546,-54.79170862218699
A_recovered_proxy_vr1.2,2024,5,360,350,345,40.869565217391305,-0.7992188193002435,-1.269130272489738,1.042096677086271,-22.088920254057875,-65.8421628167212,-75.46169854867063
A_recovered_proxy_vr1.2,2024,8,360,350,336,39.285714285714285,-0.26291398179089576,-2.1208033573141494,1.3977013919016896,-27.311220889202534,-43.40383280260712,-78.96014187556005
A_recovered_proxy_vr1.2,2025,3,478,468,465,45.376344086021504,-0.1311033306243471,-0.4800000000000026,1.0964117437904641,-22.915717539863312,-29.729024741071186,-54.228768967787374
A_recovered_proxy_vr1.2,2025,5,478,468,461,45.98698481561822,0.19348792326016512,-0.5461165048543659,1.261259004384815,-30.615034168564915,15.590788732749171,-68.39636371100453
A_recovered_proxy_vr1.2,2025,8,478,468,455,45.05494505494506,0.2697013253063566,-0.4734848484848508,1.3020220956199327,-30.615034168564915,21.961750997142193,-77.98998742248898
A_recovered_proxy_vr1.2,2026,3,234,226,222,38.288288288288285,-0.44985811629770983,-0.961104269293922,1.2995562963916425,-18.68446139180172,-34.150516372359704,-52.326307062652354
A_recovered_proxy_vr1.2,2026,5,234,226,216,37.03703703703704,-0.6988514669976644,-2.189112420345446,1.3161245703528386,-18.68446139180172,-45.16232888844895,-61.512837537346186
A_recovered_proxy_vr1.2,2026,8,234,226,209,40.66985645933015,0.09429362276862517,-2.127048002299514,1.4710598170024742,-19.42078364565587,-16.819034490154127,-57.79001418114012
A_recovered_proxy_vr1.2,all,3,1297,1265,1257,44.78918058870326,-0.26388315812803925,-0.5405405405405239,1.0562435041239777,-24.819686041578283,-77.4892600761282,-80.99405641628135
A_recovered_proxy_vr1.2,all,5,1297,1265,1243,41.914722445695894,-0.4142068525025873,-1.057692307692315,1.1644599051588653,-30.615034168564915,-90.4249859947441,-94.74731687661898
A_recovered_proxy_vr1.2,all,8,1297,1265,1221,41.85094185094185,-0.08402295044858159,-1.3536379018612488,1.3255528269404744,-33.92023759015699,-70.41664889877954,-94.2956468033567
D_pure_quant_vr1.2,2023,3,214,210,210,47.14285714285714,-0.402179301801125,-0.22314080271283449,0.8787317871789545,-24.819686041578283,-31.413235275656703,-35.90200051071035
D_pure_quant_vr1.2,2023,5,214,210,210,40.476190476190474,-0.908809285515102,-1.293061823870001,0.9863230096584642,-27.70470937632584,-58.971689029677265,-62.931208430115504
D_pure_quant_vr1.2,2023,8,214,210,210,40.95238095238095,-0.9701064192251495,-2.0601234685456715,1.010098870145697,-33.92023759015699,-58.6953782102442,-66.72796802385712
D_pure_quant_vr1.2,2024,3,350,340,340,45.588235294117645,-0.38180123815710054,-0.559921140811015,0.9666989110473699,-17.650214592274683,-26.41373586719461,-56.55909996448458
D_pure_quant_vr1.2,2024,5,350,340,336,40.476190476190474,-0.6942422161422295,-1.0675269017642264,1.0926744304018843,-22.088920254057875,-53.79773156516989,-75.70055995092122
D_pure_quant_vr1.2,2024,8,350,340,327,39.44954128440367,-0.401916539754938,-1.9388516032811327,1.3356098625601773,-27.311220889202534,-45.875959941548395,-79.29607513752632
D_pure_quant_vr1.2,2025,3,458,448,444,44.5945945945946,-0.16808602716091556,-0.5185820184590795,1.1010221916080118,-22.915717539863312,-20.787084454808046,-49.33922029338626
D_pure_quant_vr1.2,2025,5,458,448,441,45.3514739229025,-0.03482946956465052,-0.7214554579673793,1.182510130162945,-33.46341463414634,-7.735556086368522,-66.87425490642806
D_pure_quant_vr1.2,2025,8,458,448,436,45.18348623853211,0.21015681662680608,-0.4772727272727373,1.268919311760996,-33.46341463414634,17.35552688002624,-72.7719507428073
D_pure_quant_vr1.2,2026,3,226,218,214,41.1214953271028,-0.46763129412927235,-1.003720537591124,1.1414642319082509,-18.68446139180172,-31.783588634704973,-52.67582257230086
D_pure_quant_vr1.2,2026,5,226,218,208,38.94230769230769,-0.8090136932723955,-1.8881128114395906,1.166827421591809,-18.68446139180172,-49.876351170198966,-65.45505536317833
D_pure_quant_vr1.2,2026,8,226,218,202,35.64356435643564,-0.5488917725983941,-2.1451235699386837,1.5274670782797455,-26.73378076062639,-49.53633761639755,-71.02041260737447
D_pure_quant_vr1.2,all,3,1248,1216,1208,44.70198675496689,-0.32199782065791493,-0.5724292260494812,1.023943828892959,-24.819686041578283,-72.72768906186037,-76.72202450045206
D_pure_quant_vr1.2,all,5,1248,1216,1195,42.00836820083682,-0.5085773881678909,-1.040462427745659,1.1147280144268834,-33.46341463414634,-91.23354546561202,-93.10111545879597
D_pure_quant_vr1.2,all,8,1248,1216,1175,41.191489361702125,-0.3016143170661567,-1.4479638009049831,1.276101911669964,-33.92023759015699,-86.76051260839199,-93.75135952833699
E_ablate_sector_vr1.2,2023,3,142,141,141,46.09929078014184,-0.3029630714422542,-0.3527336860670083,0.9753331450801508,-12.124582869855406,-14.595123067161031,-25.05112971113134
E_ablate_sector_vr1.2,2023,5,142,141,141,41.13475177304964,-0.7807803421128718,-0.9954751131221796,0.9940975225028976,-14.025003592470188,-38.45202821458427,-45.311500501077326
E_ablate_sector_vr1.2,2023,8,142,141,141,39.71631205673759,-1.1457240812279361,-2.4777006937561907,0.9598946922561525,-16.16611582123868,-38.289369787059144,-48.33638723637365
E_ablate_sector_vr1.2,2024,3,246,241,241,45.643153526970956,-0.5788329146956843,-0.5649717514124131,0.8541504260956357,-17.650214592274683,-30.1467158613959,-54.117722724432895
E_ablate_sector_vr1.2,2024,5,246,241,240,37.083333333333336,-0.7984304518985756,-1.2059251181388562,1.1849721518412981,-18.99141630901288,-38.80464544210136,-65.94073628643761
E_ablate_sector_vr1.2,2024,8,246,241,232,34.91379310344828,-0.750932977912438,-2.1208033573141494,1.4154373338352957,-21.372549019607845,-39.892245845932536,-78.74205350805207
E_ablate_sector_vr1.2,2025,3,389,379,378,43.386243386243386,-0.2617749904231966,-0.5913686199888746,1.1088715802785685,-22.915717539863312,-38.41953559669854,-50.82155703893439
E_ablate_sector_vr1.2,2025,5,389,379,378,42.857142857142854,-0.3057199327583814,-0.832039647673094,1.1562275179704062,-33.46341463414634,-56.77891415122427,-70.18575779105328
E_ablate_sector_vr1.2,2025,8,389,379,378,45.767195767195766,0.07264483407710431,-0.5180965147453143,1.184137327368144,-33.46341463414634,-15.028071866963744,-74.13469305752281
E_ablate_sector_vr1.2,2026,3,191,185,182,40.10989010989011,-0.7263821404329351,-1.072436579965863,1.0211406311445397,-18.68446139180172,-43.15703700324287,-47.75161050123832
E_ablate_sector_vr1.2,2026,5,191,185,176,38.06818181818182,-0.796882777618987,-1.1553583974581114,1.172014000749208,-20.110573600552872,-45.745908426628866,-62.32781476555702
E_ablate_sector_vr1.2,2026,8,191,185,173,36.41618497109826,-1.038749107109206,-2.441613588110403,1.2621593064083576,-21.25086385625432,-58.54368652718922,-73.72013697701162
E_ablate_sector_vr1.2,all,3,968,946,942,43.73673036093418,-0.43882061725454385,-0.6415599227934721,0.9975431540700287,-22.915717539863312,-79.11717889495625,-84.15692961636549
E_ablate_sector_vr1.2,all,5,968,946,935,40.21390374331551,-0.5962853905210512,-0.9999999999999898,1.1384605540875605,-33.46341463414634,-91.1679733467092,-93.99576135418769
E_ablate_sector_vr1.2,all,8,968,946,924,40.36796536796537,-0.528146530928108,-1.5146521244082223,1.2117334298762354,-33.46341463414634,-86.9335793394873,-91.00494364317746
E_ablate_inflow_vr1.2,2023,3,127,126,126,40.476190476190474,-1.2032228103184184,-1.02041877196265,0.7797409462108458,-24.819686041578283,-52.01253812117086,-52.07453742592387
E_ablate_inflow_vr1.2,2023,5,127,126,126,33.33333333333333,-2.1866200763261583,-2.5307881773398986,0.712585032530133,-27.70470937632584,-72.26032458098676,-72.68437057465323
E_ablate_inflow_vr1.2,2023,8,127,126,126,27.77777777777778,-2.6322498796476097,-3.106190292119937,0.9075192384439537,-33.92023759015699,-72.79861203186181,-74.78816199116208
E_ablate_inflow_vr1.2,2024,3,227,221,221,41.17647058823529,-0.9667029142401684,-0.9118541033434568,0.836300246794514,-18.354430379746837,-53.193905969554564,-65.24127323966127
E_ablate_inflow_vr1.2,2024,5,227,221,220,35.45454545454545,-1.4256756019275147,-1.8389355742296885,1.007992927222147,-22.088920254057875,-76.00072007814106,-82.19781243871553
E_ablate_inflow_vr1.2,2024,8,227,221,213,37.558685446009385,-1.6635550975721427,-2.0879120879120805,0.964120828707671,-27.311220889202534,-81.11346865275345,-83.74818211660117
E_ablate_inflow_vr1.2,2025,3,359,350,350,43.714285714285715,-0.4486828936350748,-0.6010928961748596,0.9835261756465986,-19.193989071038253,-46.73645702195064,-57.67714383298597
E_ablate_inflow_vr1.2,2025,5,359,350,350,42.857142857142854,-0.13007492044908733,-0.8301041935761644,1.244455870230467,-33.46341463414634,-28.25560727793902,-69.28322265327135
E_ablate_inflow_vr1.2,2025,8,359,350,350,46.285714285714285,0.13097348152473018,-0.40894306903788147,1.1834615949678835,-33.46341463414634,-19.033873565086168,-73.98925933723457
E_ablate_inflow_vr1.2,2026,3,141,137,133,39.097744360902254,-1.1453470794107958,-1.0429447852760787,0.8496667599730063,-18.68446139180172,-38.43376818359325,-51.648946542895736
E_ablate_inflow_vr1.2,2026,5,141,137,129,34.883720930232556,-1.2775892575951975,-2.487562189054737,1.1557879156750697,-18.68446139180172,-47.80903926531346,-70.01739736646728
E_ablate_inflow_vr1.2,2026,8,141,137,128,32.8125,-1.3464568967087815,-2.280273494509366,1.337657568103142,-19.197896120973056,-56.99750810730777,-75.27734093684441
E_ablate_inflow_vr1.2,all,3,854,834,830,41.807228915662655,-0.8127922800977231,-0.8032258064516129,0.8826140541393576,-24.819686041578283,-92.63449030422414,-93.6080255605417
E_ablate_inflow_vr1.2,all,5,854,834,825,38.18181818181819,-0.969088482943164,-1.3210039630118908,1.0787951237166473,-33.46341463414634,-97.50722637060566,-98.3389213215665
E_ablate_inflow_vr1.2,all,8,854,834,817,39.0452876376989,-0.9944999814731135,-1.8329586719695532,1.1151038939764886,-33.92023759015699,-98.21128868785529,-98.7688990174386
E_ablate_wyckoff_vr1.2,2023,3,163,161,161,47.20496894409938,-0.3131030376573747,-0.2061855670103085,0.9241259336151095,-24.819686041578283,-23.9486767072572,-24.04693423089124
E_ablate_wyckoff_vr1.2,2023,5,163,161,161,43.47826086956522,-0.5016958019077932,-0.9910802775024764,1.0502925597131807,-27.70470937632584,-39.88719691233344,-43.46713226502467
E_ablate_wyckoff_vr1.2,2023,8,163,161,161,40.993788819875775,-0.6845762210917704,-1.7964071856287345,1.0936043034190968,-33.92023759015699,-32.211369271930494,-47.26838820090175
E_ablate_wyckoff_vr1.2,2024,3,310,302,302,46.026490066225165,-0.49015133957927404,-0.5315336257605496,0.9078705403786665,-17.650214592274683,-43.40951741766398,-56.300394522085604
E_ablate_wyckoff_vr1.2,2024,5,310,302,302,39.0728476821192,-1.1176377425387702,-1.5322230657484892,0.9648703508241263,-18.99141630901288,-69.13831471443291,-76.16810873566075
E_ablate_wyckoff_vr1.2,2024,8,310,302,293,37.883959044368595,-0.7759583207224401,-2.3636363636363567,1.2830180294721885,-21.372549019607845,-61.704045336036614,-79.46843143683263
E_ablate_wyckoff_vr1.2,2025,3,398,392,392,45.91836734693878,-0.12309284924337238,-0.4453405195474269,1.080756585383617,-19.193989071038253,-26.436064178959573,-51.00621447733303
E_ablate_wyckoff_vr1.2,2025,5,398,392,390,45.12820512820513,0.08222937304312793,-0.5694444444444446,1.2441406587585349,-33.46341463414634,-18.987435471667137,-69.56664320902752
E_ablate_wyckoff_vr1.2,2025,8,398,392,390,44.1025641025641,0.07582291085787544,-0.7124270342499406,1.2667226097952125,-33.46341463414634,-28.24938068976418,-81.92829067911286
E_ablate_wyckoff_vr1.2,2026,3,204,200,197,39.08629441624365,-0.40314664795814614,-0.9358914365933502,1.2863318475329828,-18.68446139180172,-20.111474988506075,-46.00848853168223
E_ablate_wyckoff_vr1.2,2026,5,204,200,191,40.83769633507853,-0.43811801966034275,-1.5494636471990564,1.2277226369192926,-20.110573600552872,-30.14772732659533,-59.193952289483384
E_ablate_wyckoff_vr1.2,2026,8,204,200,185,38.91891891891892,-0.48974134873273,-2.15384615384615,1.369698070489506,-26.73378076062639,-38.08861349677046,-55.87897893007455
E_ablate_wyckoff_vr1.2,all,3,1075,1055,1052,44.866920152091254,-0.3099881940750332,-0.559921140811015,1.0329607288877176,-24.819686041578283,-74.70704727539885,-79.52108681606138
E_ablate_wyckoff_vr1.2,all,5,1075,1055,1044,42.337164750957854,-0.45010604274154103,-0.9821581436174176,1.1304584109545988,-33.46341463414634,-89.50168646350211,-94.51640735681886
E_ablate_wyckoff_vr1.2,all,8,1075,1055,1029,40.91350826044703,-0.3873700426126661,-1.5410958904109595,1.261989308429127,-33.92023759015699,-88.46796515168845,-95.82516344283634
E_ablate_accel_vr1.2,2023,3,214,210,210,47.14285714285714,-0.402179301801125,-0.22314080271283449,0.8787317871789545,-24.819686041578283,-31.413235275656703,-35.90200051071035
E_ablate_accel_vr1.2,2023,5,214,210,210,40.476190476190474,-0.908809285515102,-1.293061823870001,0.9863230096584642,-27.70470937632584,-58.971689029677265,-62.931208430115504
E_ablate_accel_vr1.2,2023,8,214,210,210,40.95238095238095,-0.9701064192251495,-2.0601234685456715,1.010098870145697,-33.92023759015699,-58.6953782102442,-66.72796802385712
E_ablate_accel_vr1.2,2024,3,350,340,340,45.294117647058826,-0.3950528935454579,-0.559921140811015,0.9725206812084456,-17.650214592274683,-27.51944500452369,-56.81457634802345
E_ablate_accel_vr1.2,2024,5,350,340,336,40.476190476190474,-0.7211571966492115,-1.0675269017642264,1.0825350453165126,-22.088920254057875,-55.29362513400456,-75.4459275346256
E_ablate_accel_vr1.2,2024,8,350,340,327,39.44954128440367,-0.4540797058540334,-2.02702702702704,1.322742797107101,-27.311220889202534,-48.99277174734558,-79.64160024686502
E_ablate_accel_vr1.2,2025,3,457,447,443,44.46952595936794,-0.19764868164618773,-0.5326231691078598,1.0864231734888896,-22.915717539863312,-23.00324692946749,-49.94244209873219
E_ablate_accel_vr1.2,2025,5,457,447,440,45.45454545454545,-0.05431448537289261,-0.7134614150507035,1.1677166561540977,-33.46341463414634,-7.798764790819234,-67.33593379024563
E_ablate_accel_vr1.2,2025,8,457,447,435,45.28735632183908,0.2601742437724405,-0.454545454545463,1.2839505890622143,-33.46341463414634,26.415041831410612,-73.1580454601704
E_ablate_accel_vr1.2,2026,3,226,218,214,41.58878504672897,-0.37169105287214665,-0.961104269293922,1.1741513441229023,-18.68446139180172,-26.959924845058648,-51.054028968864664
E_ablate_accel_vr1.2,2026,5,226,218,208,39.42307692307692,-0.7061747217000149,-1.8881128114395906,1.1914068286604016,-18.68446139180172,-46.28905533340344,-63.9976921819495
E_ablate_accel_vr1.2,2026,8,226,218,202,36.633663366336634,-0.3282544445617882,-2.0277166812328664,1.5575098003599637,-26.73378076062639,-41.509482310448135,-67.33925543717562
E_ablate_accel_vr1.2,all,3,1247,1215,1207,44.656172328086164,-0.31969833344456716,-0.5681818181818232,1.0270119592207803,-24.819686041578283,-72.04268559790295,-76.13734746713153
E_ablate_accel_vr1.2,all,5,1247,1215,1194,42.12730318257956,-0.5058136379480589,-1.028043713872834,1.1109838090837407,-33.46341463414634,-90.91651247614415,-93.34633215552724
E_ablate_accel_vr1.2,all,8,1247,1215,1174,41.396933560477,-0.2600834868926915,-1.4361351356485474,1.2839590709663564,-33.92023759015699,-84.42189623618674,-94.110900136315
